{
  "turnover": {
    "grossTradedNotional": 48238.270000000004,
    "averageNav": 100095.38714285714,
    "turnoverPct": 48.19230074124581
  },
  "tradeStats": {
    "closedTrades": 2,
    "hitRatePct": 100.0,
    "avgWin": 28.630589539999846,
    "avgLoss": null
  },
  "sleeves": [
    {
      "strategy_id": "AI23",
      "buy_notional": "20150.77",
      "sell_notional": "4064.48",
      "realized_pnl": "31.38"
    },
    {
      "strategy_id": "QC",
      "buy_notional": "19966.07",
      "sell_notional": "4056.96",
      "realized_pnl": "25.88"
    }
  ],
  "latestSleeveNav": {
    "AI23": {
      "cash": -8161.32,
      "marketValue": 8455.57,
      "nav": 294.25,
      "exposurePct": 8.327639962137646
    },
    "CASH": {
      "cash": 100000.0,
      "marketValue": 0.0,
      "nav": 100000.0,
      "exposurePct": 0.0
    },
    "QC": {
      "cash": -7819.44,
      "marketValue": 8657.48,
      "nav": 838.04,
      "exposurePct": 8.526495129176084
    }
  }
}