{
  "turnover": {
    "grossTradedNotional": 65575.51000000001,
    "averageNav": 100867.11,
    "turnoverPct": 65.01178629981568
  },
  "tradeStats": {
    "closedTrades": 2,
    "hitRatePct": 100.0,
    "avgWin": 28.630589539999846,
    "avgLoss": null
  },
  "sleeves": [
    {
      "strategy_id": "AI23",
      "buy_notional": "28857.70",
      "sell_notional": "4064.48",
      "realized_pnl": "31.38"
    },
    {
      "strategy_id": "QC",
      "buy_notional": "27622.34",
      "sell_notional": "5031.00",
      "realized_pnl": "116.77"
    }
  ],
  "latestSleeveNav": {
    "AI23": {
      "cash": -24826.15,
      "marketValue": 25023.71,
      "nav": 197.56,
      "exposurePct": 24.50577553295587
    },
    "CASH": {
      "cash": 100000.0,
      "marketValue": 0.0,
      "nav": 100000.0,
      "exposurePct": 0.0
    },
    "QC": {
      "cash": -22623.99,
      "marketValue": 24539.95,
      "nav": 1915.96,
      "exposurePct": 24.032028275981475
    }
  }
}